Model Name,Color,Storage,SKU Code,Product Price,Original Price,Financing Option,Badge,Offers,Product Rating,Number of Ratings,Stock Status,Product URL
"30"" 16 cu.ft. Counter Depth Bottom Mount Refrigerator",silver,16 cu.ft.,RB16DG6000SLAA,"$1,099.99",Not Available,From $35.48/mo for 36 mos,PICK,None,4.7,23,In Stock,https://www.samsung.com/ca/refrigerators/bottom-mount-freezer/30-inch-bottom-mount-refrigerator-16-0-cu-ft-stainless-steel-rb16dg6000slaa/
"3-Door French Door Refrigerator

RF40

 

22 cu.ft.",silver,22.1 cu.ft,RF22A4111SR/AA,"$1,699.99",Not Available,From $54.84/mo for 36 mos,PICK,None,4.6,294,In Stock,https://www.samsung.com/ca/refrigerators/french-door/rf4500a-french-door-refrigerator-flat-door-design-22-cu-ft-silver-rf22a4111sr-aa/
"3-Door French Door Refrigerator

RF50 | Twin Cooling Plus™

 

18 cu.ft.",silver,18 cu.ft.,RF18A5101SR/AA,"$1,599.99",Not Available,From $51.61/mo for 36 mos,PICK,None,4.2,783,In Stock,https://www.samsung.com/ca/refrigerators/french-door/rf5000a-18-cu-ft-silver-rf18a5101sr-aa/
"3-Door French Door Refrigerator

RF50 | Twin Cooling Plus™

 

18 cu.ft.",black silver,18 cu.ft.,RF18A5101MT/AA,"$1,699.99",Not Available,From $54.84/mo for 36 mos,PICK,None,4.2,783,In Stock,https://www.samsung.com/ca/refrigerators/french-door/rf5000a-18-cu-ft-black-rf18a5101mt-aa/
"3-Door French Door Refrigerator

RF50 | Twin Cooling Plus™

 

18 cu.ft.",black,18 cu.ft.,RF18A5101SG/AA,Not Available,Not Available,Not Applicable,PICK,None,4.2,783,In Stock,https://www.samsung.com/ca/refrigerators/french-door/rf5000a-18-cu-ft-black-rf18a5101sg-aa/
"3-Door French Door Refrigerator

RF50 | Beverage Center™ | Dual Ice Maker

 

25 cu.ft.",silver,Default,RF25C5551SR/AA,"$2,099.98",Not Available,From $87.50/mo for 24 mos,PICK,None,4.6,511,In Stock,https://www.samsung.com/ca/refrigerators/french-door/rf5000c-24-5-cu-ft-silver-rf25c5551sr-aa/
"3-Door French Door Refrigerator

RF50 | Beverage Center™ | Dual Ice Maker

 

25 cu.ft.",black,Default,RF25C5551SG/AA,Not Available,Not Available,Not Applicable,PICK,None,4.6,511,In Stock,https://www.samsung.com/ca/refrigerators/french-door/rf5000c-24-5-cu-ft-black-rf25c5551sg-aa/
"Bespoke AI 4-Door French Door Refrigerator

RF80 | FlexZone™ | Dual Ice Maker

 

23 cu.ft.",silver,Default,RF23BB8600QLAA,"$2,999.99",Not Available,From $83.33/mo for 36 mos,None,None,4.7,2899,In Stock,https://www.samsung.com/ca/refrigerators/french-door/rf8000bc-4-door-french-door-beverage-center-23-cu-ft-silver-rf23bb8600qlaa/
"3-Door French Door Refrigerator RF70 Host | Zero Clearance ...

External Water & Ice Dispenser

 

24 cu.ft.",silver,24.6 cu.ft.,RF70H25HERAA,"$2,499.99",Not Available,From $104.17/mo for 24 mos,None,None,4.8,236,In Stock,https://www.samsung.com/ca/refrigerators/french-door/rf80h-36-3dr-french-door-zero-clearance-fit-with-space-max-24-cu-ft-silver-rf70h25heraa/
"3-Door French Door Refrigerator RF60 Jumbo | External Water...

Ice Dispenser

 

31 Cu.ft.",silver,Default,RF32CG5B30SRAA,"$2,299.99",Not Available,From $95.83/mo for 24 mos,None,None,4.8,252,In Stock,https://www.samsung.com/ca/refrigerators/french-door/fdr-refrigerator-rf6500-family-hub-26-cu-ft-silver-rf32cg5b30sraa/
"Column Freezer

RZ40 | Convertible to Fridge | Reversible ...

 

11 Cu.ft.",silver,15 cu.ft.,RZ40H11PETAA,"$1,099.99",Not Available,From $35.48/mo for 36 mos,None,None,Not Rated,0,In Stock,https://www.samsung.com/ca/refrigerators/one-door/ri80h24-rz40h32pet-11-4-cu-ft-silver-rz40h11petaa/
"Bespoke AI 4-Door French Door Refrigerator RF90 |

Beverage Center™ |

 

Dual Ice Maker ...",vibe dark metal,29 cu.ft.,RF29DB9600QLAA,"$3,799.99",Not Available,From $105.56/mo for 36 mos,None,None,4.6,358,In Stock,https://www.samsung.com/ca/refrigerators/french-door/french-door-beverage-center-29-cu-ft-stainless-steel-rf29db9600qlaa/
"Bespoke AI 4-Door French Door Refrigerator RF80 |

Family Hub™ |

 

Auto Open Door ...",white,23 cu.ft.,RF23DB990012AC,"$4,699.99",Not Available,From $130.56/mo for 36 mos,None,None,4.6,354,In Stock,https://www.samsung.com/ca/refrigerators/french-door/bespoke-counter-depth-4-door-flex-refrigerator-with-family-hub-23-cu-ft-white-glass-rf23db990012ac/
"Bespoke AI 4-Door French Door Refrigerator RF80 |

Family Hub™ |

 

Auto Open Door ...",cosmic gray,23 cu.ft.,RF23DB9900QDAC,"$4,699.99",Not Available,From $130.56/mo for 36 mos,None,None,4.6,354,In Stock,https://www.samsung.com/ca/refrigerators/french-door/bespoke-counter-depth-4-door-flex-refrigerator-with-family-hub-23-cu-ft-stainless-steel-rf23db9900qdac/
"Bespoke AI 4-Door French Door 36"" 29 Cu.Ft. RF80 Ace |

AI Family HubTM Screen & AI Vision Ins...

 

FlexZone™ Drawe...",charcoal glass&stainless steel,Default,RF90F29AECRAC,"$4,799.99",Not Available,From $133.33/mo for 36 mos,None,None,Not Rated,0,In Stock,https://www.samsung.com/ca/refrigerators/french-door/rf90f-36-bespoke-ai-refrigerator-fdr-family-hub-and-ai-vision-inside-22-5-cu-ft-rf90f29aecrac/
"Bespoke AI 4-Door French Door 36"" 23 Cu.Ft. RF80 Ace |

AI Family HubTM Screen & AI Vision Ins...

 

FlexZone™ Drawe...",charcoal glass&stainless steel,Default,RF90F23AECRAC,"$4,799.99",Not Available,From $133.33/mo for 36 mos,None,None,Not Rated,0,In Stock,https://www.samsung.com/ca/refrigerators/french-door/rf90f-36-bespoke-ai-refrigerator-fdr-family-hub-and-ai-vision-inside-22-5-cu-ft-rf90f23aecrac/
"3-Door French Door Refrigerator RF70 Sleek | Zero Clearance...

In-Door Tall Dispenser

 

29 cu.ft.",black,29 cu.ft.,RF70H30KEEAA,"$2,399.99",Not Available,From $100.00/mo for 24 mos,None,None,4.8,367,In Stock,https://www.samsung.com/ca/refrigerators/french-door/rf80h-36-3dr-internal-dispenser-french-door-zero-clearance-fit-with-space-max-29-cu-ft-black-rf70h30keeaa/
"3-Door French Door Refrigerator RF70 Sleek | Zero Clearance...

In-Door Tall Dispenser

 

29 cu.ft.",silver,29 cu.ft.,RF70H30KERAA,"$2,299.99",Not Available,From $95.83/mo for 24 mos,None,None,4.8,367,In Stock,https://www.samsung.com/ca/refrigerators/french-door/rf80h-36-3dr-internal-dispenser-french-door-zero-clearance-fit-with-space-max-29-cu-ft-silver-rf70h30keraa/
"Bespoke AI 4-Door French Door Refrigerator

RF80 Charm S | FlexZone™ | Sphere Ice™

 

29 cu.ft.",stainless steel,Default,RF70F29MERAA,"$2,799.99",Not Available,From $116.67/mo for 24 mos,None,None,4.8,124,In Stock,https://www.samsung.com/ca/refrigerators/french-door/rf90f-36-french-door-refrigerators-with-dual-auto-ice-maker-and-inner-bvc-29-cu-ft-stainless-steel-rf70f29meraa/
"3-Door French Door Refrigerator RF70 Host | Zero Clearance ...

External Water & Ice Dispenser

 

29 cu.ft.",silver,Default,RF70H30HERAA,"$2,499.99",Not Available,From $104.17/mo for 24 mos,None,None,4.8,236,In Stock,https://www.samsung.com/ca/refrigerators/french-door/rf80h-36-3dr-french-door-zero-clearance-fit-with-space-max-31-cu-ft-silver-rf70h30heraa/
"Bespoke AI 3-Door French Door Refrigerator RF70 Glam

Zero Clearance Fit

 

External Water ...",black,Default,RF70H30GEEAA,"$2,699.99",Not Available,From $112.50/mo for 24 mos,None,None,4.8,329,In Stock,https://www.samsung.com/ca/refrigerators/french-door/rf80h-36-3dr-french-door-zero-clearance-fit-with-space-max-29-cu-ft-black-rf70h30geeaa/
"Bespoke AI 3-Door French Door Refrigerator RF70 Glam

Zero Clearance Fit

 

External Water ...",silver,Default,RF70H30GERAA,"$2,699.99",Not Available,From $112.50/mo for 24 mos,None,None,4.8,329,In Stock,https://www.samsung.com/ca/refrigerators/french-door/rf80h-36-3dr-french-door-zero-clearance-fit-with-space-max-29-cu-ft-silver-rf70h30geraa/
"3-Door French Door Refrigerator

RF50 Neo

 

25 cu.ft.",silver,Default,RF25C5A01SRAA,"$1,799.98",Not Available,From $58.06/mo for 36 mos,None,None,4.7,99,In Stock,https://www.samsung.com/ca/refrigerators/french-door/rf25c5a01sraa-fdr-beverage-center-25-cu-ft-silver-rf25c5a01sraa/
"Top Mount Refrigerator

RT60 |

 

Optional Auto I...",silver,17.6 cu.ft.,RT18DG6500S9AC,Not Available,Not Available,Not Applicable,None,None,4.5,24,In Stock,https://www.samsung.com/ca/refrigerators/top-mount-freezer/rt6500d-with-ai-energy-mode-17-6-cu-ft-silver-rt18dg6500s9ac/
"Top Mount Refrigerator

RT60 |

 

Optional Auto I...",awesome gray,17.6 cu.ft.,RT18DG6500SRAC,"$1,099.99",Not Available,From $35.48/mo for 36 mos,None,None,4.5,24,In Stock,https://www.samsung.com/ca/refrigerators/top-mount-freezer/rt6500d-with-ai-energy-mode-17-6-cu-ft-stainless-steel-rt18dg6500srac/
"3-Door French Door Refrigerator

RF50 | Twin Cooling Plus™

 

18 cu.ft.",silver,18 cu.ft.,RF18A5101S9/AA,"$1,499.99",Not Available,From $48.39/mo for 36 mos,None,None,4.2,389,In Stock,https://www.samsung.com/ca/refrigerators/french-door/rf5000a-18-cu-ft-silver-rf18a5101s9-aa/
"36"" Counter-Depth Side by Side Refrigerator with Family Hub...",silver,21.5 cu.ft.,RS22T5561SR/AC,"$3,199.99",Not Available,From $88.89/mo for 36 mos,None,None,4.3,240,In Stock,https://www.samsung.com/ca/refrigerators/side-by-side/21-5-cu-ft-real-sts-rs22t5561sr-ac/
Bespoke AI 3-Door French Door RefrigeratorRF60 | Family Hub...,silver,31 cu.ft,RF32CG5900SRAC,"$3,799.99",Not Available,From $105.56/mo for 36 mos,None,None,3.5,14,In Stock,https://www.samsung.com/ca/refrigerators/french-door/rf6500c-3-door-french-door-31-cu-ft-stainless-steel-rf32cg5900srac/
"Bespoke AI 4-Door French Door Refrigerator

RF80 | AI Vision™ | Auto Open Door

 

23 cu.ft.",Default,Default,SAMS-4041177,"$3,799.98",Not Available,From $105.56/mo for 36 mos,None,None,4.7,125,In Stock,https://www.samsung.com/ca/refrigerators/french-door/rf90f-36-bespoke-4-door-french-door-refrigerators-with-ai-home-and-ai-vision-inside-23-cu-ft-rf90f23becraa/
"4-Door French Door Refrigerator

F90 | Beverage Center™ | Dual Ice Maker

 

23 cu.ft.",white frost,23 cu.ft.,RF23DB960012AA,"$3,799.99",Not Available,From $105.56/mo for 36 mos,None,None,4.6,357,In Stock,https://www.samsung.com/ca/refrigerators/french-door/french-door-beverage-center-23-cu-ft-white-glass-rf23db960012aa/
"Bottom Mount Counter Depth Refrigerator

RB10 |

 

Slim Design 11....",silver,11.3 cu.ft,RB10FSR4ESR/AA,"$1,099.99",Not Available,From $35.48/mo for 36 mos,None,None,3.5,31,In Stock,https://www.samsung.com/ca/refrigerators/bottom-mount-freezer/11-3-cu-ft-real-stainless-rb10fsr4esr-aa/
Ice Maker Kit,white,Default,RA-TIMO63PP/AA,$149.99,Not Available,Not Applicable,None,None,1.5,8,In Stock,https://www.samsung.com/ca/refrigerators/others/ice-maker-kit-17-6-cu-ft-white-ra-timo63pp-aa/
30” French Door Refrigerator with Water Dispenser,silver,22 cu.ft.,RF22A4221SR/AA,"$1,699.98",Not Available,From $54.84/mo for 36 mos,None,None,4.3,62,In Stock,https://www.samsung.com/ca/refrigerators/french-door/rf4500a-french-door-refrigerator-dispensor-22-cu-ft-silver-rf22a4221sr-aa/
30” French Door Refrigerator with Water Dispenser,black,22 cu.ft.,RF22A4221SG/AA,Not Available,Not Available,Not Applicable,None,None,4.3,62,In Stock,https://www.samsung.com/ca/refrigerators/french-door/rf4500a-french-door-refrigerator-dispensor-22-cu-ft-black-rf22a4221sg-aa/
"Bespoke AI 4-Door French Door Refrigerator

RF80 | FlexZone™ | Dual Ice Maker

 

23 cu.ft.",silver,Default,RF29BB8600QLAA,"$2,999.99",Not Available,From $83.33/mo for 36 mos,None,None,4.7,3074,In Stock,https://www.samsung.com/ca/refrigerators/french-door/rf8000b-4-door-french-door-beverage-center-29-cu-ft-silver-rf29bb8600qlaa/
"3-Door French Door Refrigerator RF70 Sleek | Zero Clearance...

In-Door Tall Dispenser

 

24 cu.ft.",silver,Default,RF70H25KERAA,"$2,299.99",Not Available,From $95.83/mo for 24 mos,None,None,4.8,367,In Stock,https://www.samsung.com/ca/refrigerators/french-door/rf80h-36-3dr-internal-dispenser-french-door-zero-clearance-fit-with-space-max-24-cu-ft-silver-rf70h25keraa/
"4-Door French Door Refrigerator

F90 | Beverage Center™ | Dual Ice Maker

 

23 cu.ft.",silver,23 cu.ft.,RF23DG9600SRAC,"$3,699.99",Not Available,From $102.78/mo for 36 mos,None,None,Not Rated,0,In Stock,https://www.samsung.com/ca/refrigerators/french-door/counter-depth-4-door-flex-refrigerator-with-beverage-center-23-cu-ft-stainless-steel-rf23dg9600srac/
"36"" Bespoke AI Counter-Depth 3 Door French Door Refrigerato...",silver,Default,RF24BB6200QLAA,Not Available,Not Available,Not Applicable,None,None,4.5,682,In Stock,https://www.samsung.com/ca/refrigerators/french-door/rf8000bc-3-door-french-door-autofill-pitcher-24-cu-ft-silver-rf24bb6200qlaa/
"3-Door French Door Refrigerator RF70 Glam | Zero Clearance ...

Sphere Ice™

 

24 cu.ft.",silver,Default,RF70H25GERAA,"$2,699.99",Not Available,From $112.50/mo for 24 mos,None,None,4.8,329,In Stock,https://www.samsung.com/ca/refrigerators/french-door/rf80h-36-3dr-french-door-zero-clearance-fit-with-space-max-29-cu-ft-silver-rf70h25geraa/
"Bespoke AI 3-Door French Door Refrigerator RF60 Jumbo | Meg...

External Water & Ice Dispenser

 

26 cu.ft.",silver,Default,RF27CG5B30SRAA,"$2,299.99",Not Available,From $95.83/mo for 24 mos,None,None,4.8,249,In Stock,https://www.samsung.com/ca/refrigerators/french-door/fdr-refrigerator-rf6500-family-hub-31-cu-ft-silver-rf27cg5b30sraa/
"Bespoke AI 3-Door French Door Refrigerator RF60 Jumbo S |

External Water & Ice Dispenser | Spher...

 

26 cu.ft.",silver,Default,RF70F27SERAA,"$2,399.99",Not Available,From $100.00/mo for 24 mos,None,None,4.6,663,In Stock,https://www.samsung.com/ca/refrigerators/french-door/rf6500cc-3dr-rf6500c-3door-french-door-refrigerators-with-large-capacity-with-spacemax-technology-26-cu-ft-silver-rf70f27seraa/
"3-Door French Door Refrigerator

RF50 | Dual Ice Maker

 

25 cu.ft.",silver,Default,RF25C5151SR/AA,Not Available,Not Available,Not Applicable,None,None,4.3,42,In Stock,https://www.samsung.com/ca/refrigerators/french-door/rf5000c-24-5-cu-ft-silver-rf25c5151sr-aa/
Bespoke 36” Smart Counter Depth Side-by-Side Fridge with Be...,Default,22.6 cu.ft.,RS23CB760012AA,Not Available,Not Available,Not Applicable,None,None,4.5,129,In Stock,https://www.samsung.com/ca/refrigerators/side-by-side/rs5300cc-22-6-cu-ft-clean-white-rs23cb760012aa/
"Bottom Mount Counter Depth Refrigerator

RB60 |

 

All-Around Cool...",silver,Default,RB15DG6000SRAA,"$1,199.99",Not Available,From $38.71/mo for 36 mos,None,None,3.3,4,In Stock,https://www.samsung.com/ca/refrigerators/bottom-mount-freezer/rb5300-4-4-cu-ft-silver-rb15dg6000sraa/
"French Door Refrigerator SpaceMax 36"" 25.5 Cu. Ft.",silver,Default,RF27CG5B10SRAA,Not Available,Not Available,Not Applicable,None,None,4.6,132,In Stock,https://www.samsung.com/ca/refrigerators/french-door/rf6500c-3door-french-door-large-capacity-with-spacemax-technology-25-5-cu-ft-silver-rf27cg5b10sraa/
3-Door French Door Refrigerator RF60 | Family Hub™ Screen |...,silver,Default,RF27CG5900SRAC,Not Available,Not Available,Not Applicable,None,None,2.8,9,In Stock,https://www.samsung.com/ca/refrigerators/french-door/rf6500cc-3-door-french-door-counter-depth-refrigerator-26-cu-ft-stainless-steel-rf27cg5900srac/
"36"" Bespoke AI Counter-Depth 3 Door French Door Refrigerato...",silver,Default,RF24BB6600QLAA,Not Available,Not Available,Not Applicable,None,None,4.6,1078,In Stock,https://www.samsung.com/ca/refrigerators/french-door/rf8000bc-3-door-french-door-beverage-center-24-cu-ft-silver-rf24bb6600qlaa/
"36"" 3-Door SpaceMax™ Counter Depth Fridge and Dual Auto Ice...",silver,27 cu.ft.,RF27CG5100SRAA,Not Available,Not Available,Not Applicable,None,None,4.6,355,In Stock,https://www.samsung.com/ca/refrigerators/french-door/rf6500cc-3door-french-door-large-27-cu-ft-stainless-steel-rf27cg5100sraa/
"36"" French Door Refrigerator with Flex Zone™ and Twin Cooli...",silver,28 cu.ft.,RF28R7201SR/AA,Not Available,Not Available,Not Applicable,None,None,4,779,In Stock,https://www.samsung.com/ca/refrigerators/french-door/28-cu-ft-real-sts-rf28r7201sr-aa/
"36"" Bespoke AI 3 Door French Door Refrigerator with Autofil...",silver,Default,RF30BB6200QLAA,Not Available,Not Available,Not Applicable,None,None,4.5,715,In Stock,https://www.samsung.com/ca/refrigerators/french-door/rf8000b-3-door-french-door-autofill-pitcher-30-cu-ft-silver-rf30bb6200qlaa/
"36"" 3-Door French Door Counter Depth Refrigerator with Exte...",silver,Default,RF27CG5400SRAA,Not Available,Not Available,Not Applicable,None,None,4.3,554,In Stock,https://www.samsung.com/ca/refrigerators/french-door/rf6500cc-3-door-french-door-counter-depth-refrigerator-26-cu-ft-stainless-steel-rf27cg5400sraa/
"Bespoke AI 3-Door French Door Refrigerator

RF80 | Beverage Center™ | Dual Ice Maker

 

30 cu.ft.",silver,Default,RF30BB6600QLAA,Not Available,Not Available,Not Applicable,None,None,4.6,1081,In Stock,https://www.samsung.com/ca/refrigerators/french-door/rf8000b-3-door-french-door-beverage-center-30-cu-ft-silver-rf30bb6600qlaa/
"36"" 3-Door French Door Refrigerator with All-Around Cooling...",silver,32 cu.ft.,RF32CG5100SRAA,Not Available,Not Available,Not Applicable,None,None,4.5,361,In Stock,https://www.samsung.com/ca/refrigerators/french-door/rf6500c-3door-french-door-silver-rf32cg5100sraa-32-cu-ft-silver-rf32cg5100sraa/
"Side by Side Counter-Depth Refrigerator

RS40 |

 

SpaceMax™ 20.5 ...",silver,20.5 cu.ft,RS20DG4000M9AA,"$1,499.99",Not Available,From $48.39/mo for 36 mos,None,None,4.6,15,In Stock,https://www.samsung.com/ca/refrigerators/side-by-side/rs4000dc-side-by-side-with-large-capacity-575l-silver-rs20dg4000m9aa/
Bespoke 4-Door Bottom Drawer Panel,white,Default,RA-F36DB412/AA,Not Available,Not Available,Not Applicable,None,None,3.7,107,In Stock,https://www.samsung.com/ca/refrigerators/bespoke-4-door-bottom-drawer-panel-34-cu-ft-white-ra-f36db412-aa/
Bespoke 4-Door Bottom Drawer Panel,pink,Default,RA-F36DB4P0/AA,Not Available,Not Available,Not Applicable,None,None,3.7,107,In Stock,https://www.samsung.com/ca/refrigerators/bespoke-4-door-bottom-drawer-panel-34-cu-ft-pink-ra-f36db4p0-aa/
Bespoke 4-Door Bottom Drawer Panel,orange,Default,RA-F36DB4CH/AA,Not Available,Not Available,Not Applicable,None,None,3.7,107,In Stock,https://www.samsung.com/ca/refrigerators/bespoke-4-door-bottom-drawer-panel-34-cu-ft-orange-ra-f36db4ch-aa/
Bespoke 4-Door Bottom Drawer Panel,silver(frame)/yellow/yellow,Default,RA-F36DB4C0/AA,Not Available,Not Available,Not Applicable,None,None,3.7,107,In Stock,https://www.samsung.com/ca/refrigerators/bespoke-4-door-bottom-drawer-panel-34-cu-ft-yellow-ra-f36db4c0-aa/
Bespoke 4-Door Bottom Drawer Panel,light gray,Default,RA-F36DB4QL/AA,Not Available,Not Available,Not Applicable,None,None,3.7,107,In Stock,https://www.samsung.com/ca/refrigerators/bespoke-4-door-bottom-drawer-panel-34-cu-ft-light-gray-ra-f36db4ql-aa/
Bespoke 4-Door Bottom Drawer Panel,pale turquoise,Default,RA-F36DB4CM/AA,Not Available,Not Available,Not Applicable,None,None,3.7,107,In Stock,https://www.samsung.com/ca/refrigerators/bespoke-4-door-bottom-drawer-panel-34-cu-ft-blue-ra-f36db4cm-aa/
Bespoke 4-Door Bottom Drawer Panel,gray,Default,RA-F36DB431/AA,Not Available,Not Available,Not Applicable,None,None,3.7,107,In Stock,https://www.samsung.com/ca/refrigerators/bespoke-4-door-bottom-drawer-panel-34-cu-ft-gray-ra-f36db431-aa/
Bespoke 4-Door Bottom Drawer Panel,cloud navy,Default,RA-F36DB4QN/AA,Not Available,Not Available,Not Applicable,None,None,3.7,107,In Stock,https://www.samsung.com/ca/refrigerators/bespoke-4-door-bottom-drawer-panel-34-cu-ft-cloud-navy-ra-f36db4qn-aa/
Bespoke 4-Door Bottom Drawer Panel,mocha gray,Default,RA-F36DB433/AA,Not Available,Not Available,Not Applicable,None,None,3.7,107,In Stock,https://www.samsung.com/ca/refrigerators/bespoke-4-door-bottom-drawer-panel-34-cu-ft-mocha-gray-ra-f36db433-aa/
Bespoke 4-Door Bottom Drawer Panel,green,Default,RA-F36DB4QG/AA,Not Available,Not Available,Not Applicable,None,None,3.7,107,In Stock,https://www.samsung.com/ca/refrigerators/bespoke-4-door-bottom-drawer-panel-34-cu-ft-green-ra-f36db4qg-aa/
Bespoke 4-Door Bottom Drawer Panel,phantom black,Default,RA-F36DB4MT/AA,Not Available,Not Available,Not Applicable,None,None,3.7,107,In Stock,https://www.samsung.com/ca/refrigerators/bespoke-4-door-bottom-drawer-panel-34-cu-ft-black-ra-f36db4mt-aa/
Bespoke 3-Door Bottom Drawer Panel,white,Default,RA-F36DB312/AA,Not Available,Not Available,Not Applicable,None,None,3.9,33,In Stock,https://www.samsung.com/ca/refrigerators/bespoke-3-door-bottom-drawer-panel-34-cu-ft-white-ra-f36db312-aa/
Bespoke 3-Door Bottom Drawer Panel,pink,Default,RA-F36DB3P0/AA,Not Available,Not Available,Not Applicable,None,None,3.9,33,In Stock,https://www.samsung.com/ca/refrigerators/bespoke-3-door-bottom-drawer-panel-34-cu-ft-pink-ra-f36db3p0-aa/
Bespoke 3-Door Bottom Drawer Panel,orange,Default,RA-F36DB3CH/AA,Not Available,Not Available,Not Applicable,None,None,3.9,33,In Stock,https://www.samsung.com/ca/refrigerators/bespoke-3-door-bottom-drawer-panel-34-cu-ft-orange-ra-f36db3ch-aa/
Bespoke 3-Door Bottom Drawer Panel,silver(frame)/yellow/yellow,Default,RA-F36DB3C0/AA,Not Available,Not Available,Not Applicable,None,None,3.9,33,In Stock,https://www.samsung.com/ca/refrigerators/bespoke-3-door-bottom-drawer-panel-34-cu-ft-yellow-ra-f36db3c0-aa/
Bespoke 3-Door Bottom Drawer Panel,light gray,Default,RA-F36DB3QL/AA,Not Available,Not Available,Not Applicable,None,None,3.9,33,In Stock,https://www.samsung.com/ca/refrigerators/bespoke-3-door-bottom-drawer-panel-34-cu-ft-light-gray-ra-f36db3ql-aa/
Bespoke 3-Door Bottom Drawer Panel,pale turquoise,Default,RA-F36DB3CM/AA,Not Available,Not Available,Not Applicable,None,None,3.9,33,In Stock,https://www.samsung.com/ca/refrigerators/bespoke-3-door-bottom-drawer-panel-34-cu-ft-blue-ra-f36db3cm-aa/
Bespoke 3-Door Bottom Drawer Panel,gray,Default,RA-F36DB331/AA,Not Available,Not Available,Not Applicable,None,None,3.9,33,In Stock,https://www.samsung.com/ca/refrigerators/bespoke-3-door-bottom-drawer-panel-34-cu-ft-gray-ra-f36db331-aa/
Bespoke 3-Door Bottom Drawer Panel,cloud navy,Default,RA-F36DB3QN/AA,Not Available,Not Available,Not Applicable,None,None,3.9,33,In Stock,https://www.samsung.com/ca/refrigerators/bespoke-3-door-bottom-drawer-panel-34-cu-ft-cloud-navy-ra-f36db3qn-aa/
Bespoke 3-Door Bottom Drawer Panel,mocha gray,Default,RA-F36DB333/AA,Not Available,Not Available,Not Applicable,None,None,3.9,33,In Stock,https://www.samsung.com/ca/refrigerators/bespoke-3-door-bottom-drawer-panel-34-cu-ft-mocha-gray-ra-f36db333-aa/
Bespoke 3-Door Bottom Drawer Panel,green,Default,RA-F36DB3QG/AA,Not Available,Not Available,Not Applicable,None,None,3.9,33,In Stock,https://www.samsung.com/ca/refrigerators/bespoke-3-door-bottom-drawer-panel-34-cu-ft-green-ra-f36db3qg-aa/
Bespoke 3-Door Bottom Drawer Panel,phantom black,Default,RA-F36DB3MT/AA,Not Available,Not Available,Not Applicable,None,None,3.9,33,In Stock,https://www.samsung.com/ca/refrigerators/bespoke-3-door-bottom-drawer-panel-34-cu-ft-black-ra-f36db3mt-aa/
Bespoke 4-Door Mid Drawer Panel,white,Default,RA-F36DMM12/AA,Not Available,Not Available,Not Applicable,None,None,4.3,9,In Stock,https://www.samsung.com/ca/refrigerators/bespoke-4-door-mid-drawer-panel-34-cu-ft-white-ra-f36dmm12-aa/
Bespoke 4-Door Mid Drawer Panel,pink,Default,RA-F36DMMP0/AA,Not Available,Not Available,Not Applicable,None,None,4.3,9,In Stock,https://www.samsung.com/ca/refrigerators/bespoke-4-door-mid-drawer-panel-34-cu-ft-pink-ra-f36dmmp0-aa/
Bespoke 4-Door Mid Drawer Panel,orange,Default,RA-F36DMMCH/AA,Not Available,Not Available,Not Applicable,None,None,4.3,9,In Stock,https://www.samsung.com/ca/refrigerators/bespoke-4-door-mid-drawer-panel-34-cu-ft-orange-ra-f36dmmch-aa/
Bespoke 4-Door Mid Drawer Panel,silver(frame)/yellow/yellow,Default,RA-F36DMMC0/AA,Not Available,Not Available,Not Applicable,None,None,4.3,9,In Stock,https://www.samsung.com/ca/refrigerators/bespoke-4-door-mid-drawer-panel-34-cu-ft-yellow-ra-f36dmmc0-aa/
Bespoke 4-Door Mid Drawer Panel,light gray,Default,RA-F36DMMQL/AA,Not Available,Not Available,Not Applicable,None,None,4.3,9,In Stock,https://www.samsung.com/ca/refrigerators/bespoke-4-door-mid-drawer-panel-34-cu-ft-light-gray-ra-f36dmmql-aa/
Bespoke 4-Door Mid Drawer Panel,pale turquoise,Default,RA-F36DMMCM/AA,Not Available,Not Available,Not Applicable,None,None,4.3,9,In Stock,https://www.samsung.com/ca/refrigerators/bespoke-4-door-mid-drawer-panel-34-cu-ft-blue-ra-f36dmmcm-aa/
Bespoke 4-Door Mid Drawer Panel,gray,Default,RA-F36DMM31/AA,Not Available,Not Available,Not Applicable,None,None,4.3,9,In Stock,https://www.samsung.com/ca/refrigerators/bespoke-4-door-mid-drawer-panel-34-cu-ft-gray-ra-f36dmm31-aa/
Bespoke 4-Door Mid Drawer Panel,cloud navy,Default,RA-F36DMMQN/AA,Not Available,Not Available,Not Applicable,None,None,4.3,9,In Stock,https://www.samsung.com/ca/refrigerators/bespoke-4-door-mid-drawer-panel-34-cu-ft-cloud-navy-ra-f36dmmqn-aa/
Bespoke 4-Door Mid Drawer Panel,mocha gray,Default,RA-F36DMM33/AA,Not Available,Not Available,Not Applicable,None,None,4.3,9,In Stock,https://www.samsung.com/ca/refrigerators/bespoke-4-door-mid-drawer-panel-34-cu-ft-mocha-gray-ra-f36dmm33-aa/
Bespoke 4-Door Mid Drawer Panel,green,Default,RA-F36DMMQG/AA,Not Available,Not Available,Not Applicable,None,None,4.3,9,In Stock,https://www.samsung.com/ca/refrigerators/bespoke-4-door-mid-drawer-panel-34-cu-ft-green-ra-f36dmmqg-aa/
Bespoke 4-Door Mid Drawer Panel,phantom black,Default,RA-F36DMMMT/AA,Not Available,Not Available,Not Applicable,None,None,4.3,9,In Stock,https://www.samsung.com/ca/refrigerators/bespoke-4-door-mid-drawer-panel-34-cu-ft-black-ra-f36dmmmt-aa/
Bespoke 3-Door Upper Panel,white,Default,RA-F18DU312/AA,Not Available,Not Available,Not Applicable,None,None,3.4,12,In Stock,https://www.samsung.com/ca/refrigerators/bespoke-3-door-upper-panel-18-cu-ft-white-ra-f18du312-aa/
Bespoke 3-Door Upper Panel,pink,Default,RA-F18DU3P0/AA,Not Available,Not Available,Not Applicable,None,None,3.4,12,In Stock,https://www.samsung.com/ca/refrigerators/bespoke-3-door-upper-panel-18-cu-ft-pink-ra-f18du3p0-aa/
Bespoke 3-Door Upper Panel,orange,Default,RA-F18DU3CH/AA,Not Available,Not Available,Not Applicable,None,None,3.4,12,In Stock,https://www.samsung.com/ca/refrigerators/bespoke-3-door-upper-panel-18-cu-ft-orange-ra-f18du3ch-aa/
Bespoke 3-Door Upper Panel,silver(frame)/yellow/yellow,Default,RA-F18DU3C0/AA,Not Available,Not Available,Not Applicable,None,None,3.4,12,In Stock,https://www.samsung.com/ca/refrigerators/bespoke-3-door-upper-panel-18-cu-ft-yellow-ra-f18du3c0-aa/
Bespoke 3-Door Upper Panel,light gray,Default,RA-F18DU3QL/AA,Not Available,Not Available,Not Applicable,None,None,3.4,12,In Stock,https://www.samsung.com/ca/refrigerators/bespoke-3-door-upper-panel-18-cu-ft-light-gray-ra-f18du3ql-aa/
Bespoke 3-Door Upper Panel,pale turquoise,Default,RA-F18DU3CM/AA,Not Available,Not Available,Not Applicable,None,None,3.4,12,In Stock,https://www.samsung.com/ca/refrigerators/bespoke-3-door-upper-panel-18-cu-ft-blue-ra-f18du3cm-aa/
Bespoke 3-Door Upper Panel,gray,Default,RA-F18DU331/AA,Not Available,Not Available,Not Applicable,None,None,3.4,12,In Stock,https://www.samsung.com/ca/refrigerators/bespoke-3-door-upper-panel-18-cu-ft-gray-ra-f18du331-aa/
Bespoke 3-Door Upper Panel,cloud navy,Default,RA-F18DU3QN/AA,Not Available,Not Available,Not Applicable,None,None,3.4,12,In Stock,https://www.samsung.com/ca/refrigerators/bespoke-3-door-upper-panel-18-cu-ft-cloud-navy-ra-f18du3qn-aa/
Bespoke 3-Door Upper Panel,mocha gray,Default,RA-F18DU333/AA,Not Available,Not Available,Not Applicable,None,None,3.4,12,In Stock,https://www.samsung.com/ca/refrigerators/bespoke-3-door-upper-panel-18-cu-ft-mocha-gray-ra-f18du333-aa/
Bespoke 3-Door Upper Panel,green,Default,RA-F18DU3QG/AA,Not Available,Not Available,Not Applicable,None,None,3.4,12,In Stock,https://www.samsung.com/ca/refrigerators/bespoke-3-door-upper-panel-18-cu-ft-green-ra-f18du3qg-aa/
Bespoke 3-Door Upper Panel,phantom black,Default,RA-F18DU3MT/AA,Not Available,Not Available,Not Applicable,None,None,3.4,12,In Stock,https://www.samsung.com/ca/refrigerators/bespoke-3-door-upper-panel-18-cu-ft-black-ra-f18du3mt-aa/
Bespoke 4-Door Upper Panel,pink,Default,RA-F18DU4P0/AA,Not Available,Not Available,Not Applicable,None,None,3.7,106,In Stock,https://www.samsung.com/ca/refrigerators/bespoke-4-door-upper-panel-18-cu-ft-pink-ra-f18du4p0-aa/
Bespoke 4-Door Upper Panel,orange,Default,RA-F18DU4CH/AA,Not Available,Not Available,Not Applicable,None,None,3.7,106,In Stock,https://www.samsung.com/ca/refrigerators/bespoke-4-door-upper-panel-18-cu-ft-orange-ra-f18du4ch-aa/
Bespoke 4-Door Upper Panel,silver(frame)/yellow/yellow,Default,RA-F18DU4C0/AA,Not Available,Not Available,Not Applicable,None,None,3.7,106,In Stock,https://www.samsung.com/ca/refrigerators/bespoke-4-door-upper-panel-18-cu-ft-yellow-ra-f18du4c0-aa/
Bespoke 4-Door Upper Panel,silver,Default,RA-F18DU4QL/AA,Not Available,Not Available,Not Applicable,None,None,3.7,106,In Stock,https://www.samsung.com/ca/refrigerators/bespoke-4-door-upper-panel-18-cu-ft-silver-ra-f18du4ql-aa/
Bespoke 4-Door Upper Panel,pale turquoise,Default,RA-F18DU4CM/AA,Not Available,Not Available,Not Applicable,None,None,3.7,106,In Stock,https://www.samsung.com/ca/refrigerators/bespoke-4-door-upper-panel-18-cu-ft-blue-ra-f18du4cm-aa/
Bespoke 4-Door Upper Panel,gray,Default,RA-F18DU431/AA,Not Available,Not Available,Not Applicable,None,None,3.7,106,In Stock,https://www.samsung.com/ca/refrigerators/bespoke-4-door-upper-panel-18-cu-ft-gray-ra-f18du431-aa/
Bespoke 4-Door Upper Panel,cloud navy,Default,RA-F18DU4QN/AA,Not Available,Not Available,Not Applicable,None,None,3.7,106,In Stock,https://www.samsung.com/ca/refrigerators/bespoke-4-door-upper-panel-18-cu-ft-cloud-navy-ra-f18du4qn-aa/
Bespoke 4-Door Upper Panel,mocha gray,Default,RA-F18DU433/AA,Not Available,Not Available,Not Applicable,None,None,3.7,106,In Stock,https://www.samsung.com/ca/refrigerators/bespoke-4-door-upper-panel-18-cu-ft-mocha-gray-ra-f18du433-aa/
Bespoke 4-Door Upper Panel,green,Default,RA-F18DU4QG/AA,Not Available,Not Available,Not Applicable,None,None,3.7,106,In Stock,https://www.samsung.com/ca/refrigerators/bespoke-4-door-upper-panel-18-cu-ft-green-ra-f18du4qg-aa/
Bespoke 4-Door Upper Panel,phantom black,Default,RA-F18DU4MT/AA,Not Available,Not Available,Not Applicable,None,None,3.7,106,In Stock,https://www.samsung.com/ca/refrigerators/bespoke-4-door-upper-panel-18-cu-ft-black-ra-f18du4mt-aa/
"36"" Bespoke 4 Door French Door Refrigerator with Autofill P...",silver,Default,RF29BB8200QLAA,Not Available,Not Available,Not Applicable,None,None,4.5,99,In Stock,https://www.samsung.com/ca/refrigerators/french-door/rf8000b-4-door-french-door-autofill-pitcher-29-cu-ft-silver-rf29bb8200qlaa/
Bespoke 4-Door Flex Refrigerator Bottom Panel,white,Default,RA-F18DBB35/AA,Not Available,Not Available,Not Applicable,None,None,1,16,In Stock,https://www.samsung.com/ca/home-appliance-accessories/bespoke-panels--rf9000a-ra-f18dbb35-aa/
Bespoke 4-Door Flex Refrigerator Bottom Panel,pink,Default,RA-F18DBBP0/AA,Not Available,Not Available,Not Applicable,None,None,1,16,In Stock,https://www.samsung.com/ca/home-appliance-accessories/bespoke-door-panel-4d-flex-bottom-18-cu-ft-pink-ra-f18dbbp0-aa/
Bespoke 4-Door Flex Refrigerator Bottom Panel,orange,Default,RA-F18DBBCH/AA,Not Available,Not Available,Not Applicable,None,None,1,16,In Stock,https://www.samsung.com/ca/home-appliance-accessories/bespoke-door-panel-4d-flex-bottom-18-cu-ft-orange-ra-f18dbbch-aa/
Bespoke 4-Door Flex Refrigerator Bottom Panel,vivid lemon,Default,RA-F18DBBC0/AA,Not Available,Not Available,Not Applicable,None,None,1,16,In Stock,https://www.samsung.com/ca/home-appliance-accessories/bespoke-door-panel-4d-flex-bottom-18-cu-ft-vividlemon-ra-f18dbbc0-aa/
Bespoke 4-Door Flex Refrigerator Bottom Panel,silver,Default,RA-F18DBBQL/AA,Not Available,Not Available,Not Applicable,None,None,1,16,In Stock,https://www.samsung.com/ca/home-appliance-accessories/bespoke-door-panel-4d-flex-bottom-18-cu-ft-silver-ra-f18dbbql-aa/
Bespoke 4-Door Flex Refrigerator Bottom Panel,pale turquoise,Default,RA-F18DBBCM/AA,Not Available,Not Available,Not Applicable,None,None,1,16,In Stock,https://www.samsung.com/ca/home-appliance-accessories/bespoke-door-panel-4d-flex-bottom-18-cu-ft-cloudblue-ra-f18dbbcm-aa/
Bespoke 4-Door Flex Refrigerator Bottom Panel,dark gray,Default,RA-F18DBB31/AA,Not Available,Not Available,Not Applicable,None,None,1,16,In Stock,https://www.samsung.com/ca/home-appliance-accessories/bespoke-panels--rf9000a-ra-f18dbb31-aa/
Bespoke 4-Door Flex Refrigerator Bottom Panel,navy,Default,RA-F18DBBQN/AA,Not Available,Not Available,Not Applicable,None,None,1,16,In Stock,https://www.samsung.com/ca/home-appliance-accessories/bespoke-panels--rf9000a-ra-f18dbbqn-aa/
Bespoke 4-Door Flex Refrigerator Bottom Panel,mocha gray,Default,RA-F18DBB33/AA,Not Available,Not Available,Not Applicable,None,None,1,16,In Stock,https://www.samsung.com/ca/home-appliance-accessories/bespoke-door-panel-4d-flex-bottom-18-cu-ft-mochagray-ra-f18dbb33-aa/
Bespoke 4-Door Flex Refrigerator Bottom Panel,green,Default,RA-F18DBBQG/AA,Not Available,Not Available,Not Applicable,None,None,1,16,In Stock,https://www.samsung.com/ca/home-appliance-accessories/bespoke-door-panel-4d-flex-bottom-18-cu-ft-green-ra-f18dbbqg-aa/
Bespoke 4-Door Flex Refrigerator Bottom Panel,black,Default,RA-F18DBBMT/AA,Not Available,Not Available,Not Applicable,None,None,1,16,In Stock,https://www.samsung.com/ca/home-appliance-accessories/bespoke-panels--rf9000a-ra-f18dbbmt-aa/
Bespoke 4-Door Flex Refrigerator Upper Panel,white,Default,RA-F18DUU12/AA,Not Available,Not Available,Not Applicable,None,None,2.3,11,In Stock,https://www.samsung.com/ca/home-appliance-accessories/bespoke-door-panel-4d-flex-upper-18-cu-ft-white-ra-f18duu12-aa/
Bespoke 4-Door Flex Refrigerator Upper Panel,pink,Default,RA-F18DUUP0/AA,Not Available,Not Available,Not Applicable,None,None,2.3,11,In Stock,https://www.samsung.com/ca/home-appliance-accessories/bespoke-door-panel-4d-flex-upper-18-cu-ft-pink-ra-f18duup0-aa/
Bespoke 4-Door Flex Refrigerator Upper Panel,orange,Default,RA-F18DUUCH/AA,Not Available,Not Available,Not Applicable,None,None,2.3,11,In Stock,https://www.samsung.com/ca/home-appliance-accessories/bespoke-door-panel-4d-flex-upper-18-cu-ft-orange-ra-f18duuch-aa/
Bespoke 4-Door Flex Refrigerator Upper Panel,vivid lemon,Default,RA-F18DUUC0/AA,Not Available,Not Available,Not Applicable,None,None,2.3,11,In Stock,https://www.samsung.com/ca/home-appliance-accessories/bespoke-door-panel-4d-flex-upper-18-cu-ft-vividlemon-ra-f18duuc0-aa/
Bespoke 4-Door Flex Refrigerator Upper Panel,silver,Default,RA-F18DUUQL/AA,Not Available,Not Available,Not Applicable,None,None,2.3,11,In Stock,https://www.samsung.com/ca/home-appliance-accessories/bespoke-door-panel-4d-flex-upper-18-cu-ft-silver-ra-f18duuql-aa/
Bespoke 4-Door Flex Refrigerator Upper Panel,pale turquoise,Default,RA-F18DUUCM/AA,Not Available,Not Available,Not Applicable,None,None,2.3,11,In Stock,https://www.samsung.com/ca/home-appliance-accessories/bespoke-door-panel-4d-flex-upper-18-cu-ft-cloudblue-ra-f18duucm-aa/
Bespoke 4-Door Flex Refrigerator Upper Panel,dark gray,Default,RA-F18DUU31/AA,Not Available,Not Available,Not Applicable,None,None,2.3,11,In Stock,https://www.samsung.com/ca/home-appliance-accessories/bespoke-panels--rf9000a-ra-f18duu31-aa/
Bespoke 4-Door Flex Refrigerator Upper Panel,navy,Default,RA-F18DUUQN/AA,Not Available,Not Available,Not Applicable,None,None,2.3,11,In Stock,https://www.samsung.com/ca/home-appliance-accessories/bespoke-panels--rf9000a-ra-f18duuqn-aa/
Bespoke 4-Door Flex Refrigerator Upper Panel,mocha gray,Default,RA-F18DUU33/AA,Not Available,Not Available,Not Applicable,None,None,2.3,11,In Stock,https://www.samsung.com/ca/home-appliance-accessories/bespoke-door-panel-4d-flex-upper-18-cu-ft-mochagray-ra-f18duu33-aa/
Bespoke 4-Door Flex Refrigerator Upper Panel,green,Default,RA-F18DUUQG/AA,Not Available,Not Available,Not Applicable,None,None,2.3,11,In Stock,https://www.samsung.com/ca/home-appliance-accessories/bespoke-door-panel-4d-flex-upper-18-cu-ft-green-ra-f18duuqg-aa/
Bespoke 4-Door Flex Refrigerator Upper Panel,black,Default,RA-F18DUUMT/AA,Not Available,Not Available,Not Applicable,None,None,2.3,11,In Stock,https://www.samsung.com/ca/home-appliance-accessories/bespoke-panels--rf9000a-ra-f18duumt-aa/
Bespoke 1-Door Column Refrigerator/Freezer Panel,gray,Default,RA-R23DAA31/AA,Not Available,Not Available,Not Applicable,None,None,Not Rated,0,In Stock,https://www.samsung.com/ca/home-appliance-accessories/bespoke-panels--rr7000-ra-r23daa31-aa/
"36"" Counter-Depth 4-Door Flex French Door Refrigerator with...",black,22.9 cu.ft.,RF23A9071SG/AC,Not Available,Not Available,Not Applicable,None,None,3.1,10,In Stock,https://www.samsung.com/ca/refrigerators/french-door/rf9000jc-22-9-cu-ft-black-rf23a9071sg-ac/
"36"" Counter-Depth 4-Door Flex French Door Refrigerator with...",silver,22.9 cu.ft.,RF23A9071SR/AC,Not Available,Not Available,Not Applicable,None,None,3.1,10,In Stock,https://www.samsung.com/ca/refrigerators/french-door/rf9000jc-22-9-cu-ft-silver-rf23a9071sr-ac/
"36"" Counter-Depth 4-Door Flex French Door Refrigerator with...",black,22.8 cu.ft.,RF23A9671SG/AC,Not Available,Not Available,Not Applicable,None,None,5,1,In Stock,https://www.samsung.com/ca/refrigerators/french-door/rf9000jc-28-cu-ft-black-rf23a9671sg-ac/
"36"" 4-Door Flex French Door Refrigerator with Beverage Cent...",black,29 cu.ft.,RF29A9671SG/AC,Not Available,Not Available,Not Applicable,None,None,4.6,964,In Stock,https://www.samsung.com/ca/refrigerators/french-door/rf9000a-28-cu-ft-black-rf29a9671sg-ac/
"36"" 4-Door Flex French Door Refrigerator with Beverage Cent...",silver,29 cu.ft.,RF29A9671SR/AC,Not Available,Not Available,Not Applicable,None,None,4.6,964,In Stock,https://www.samsung.com/ca/refrigerators/french-door/rf9000a-28-cu-ft-silver-rf29a9671sr-ac/
"33"" 4-Door French Door Refrigerator with Twin Cooling Plus™...",black,24.7 cu.ft.,RF25HMIDBSG/AA,Not Available,Not Available,Not Applicable,None,None,3.7,445,In Stock,https://www.samsung.com/ca/refrigerators/french-door/24-7-cu-ft-black-stainless-rf25hmidbsg-aa/
"33"" 4-Door French Door Refrigerator with Twin Cooling Plus™...",silver,24.7 cu.ft.,RF25HMIDBSR/AA,Not Available,Not Available,Not Applicable,None,None,3.7,445,In Stock,https://www.samsung.com/ca/refrigerators/french-door/24-7-cu-ft-real-stainless-rf25hmidbsr-aa/
"36"" French Door Refrigerator with Autofill Water Pitcher",silver,28.2 cu.ft,RF28T5021SR/AA,Not Available,Not Available,Not Applicable,None,None,4.4,129,In Stock,https://www.samsung.com/ca/refrigerators/french-door/28-2-cu-ft-real-stainless-rf28t5021sr-aa/
"36"" French Door Refrigerator with Internal Water Dispenser",silver,28.2 cu.ft,RF28T5101SR/AA,Not Available,Not Available,Not Applicable,None,None,4.5,85,In Stock,https://www.samsung.com/ca/refrigerators/french-door/28-2-cu-ft-real-stainless-rf28t5101sr-aa/
"36"" Counter Depth 4-Door French Door Refrigerator with Auto...",black,22.6 cu.ft.,RF23M8070SG/AA,Not Available,Not Available,Not Applicable,None,None,2.7,301,In Stock,https://www.samsung.com/ca/refrigerators/french-door/22-6-cu-ft-black-stainless-rf23m8070sg-aa/
"36"" Counter Depth 4-Door French Door Refrigerator with Auto...",silver,22.6 cu.ft.,RF23M8070SR/AA,Not Available,Not Available,Not Applicable,None,None,2.7,301,In Stock,https://www.samsung.com/ca/refrigerators/french-door/22-6-cu-ft-real-sts-rf23m8070sr-aa/
"36"" French Door Refrigerator with All-Around Cooling",silver,28.2 cu.ft.,RF28T5A01SR/AA,Not Available,Not Available,Not Applicable,None,None,2.7,12,In Stock,https://www.samsung.com/ca/refrigerators/french-door/28-2-cu-ft-real-stainless-rf28t5a01sr-aa/
"36"" French Door Refrigerator with Family Hub™",silver,26.5 cu.ft.,RF27T5501SR/AC,Not Available,Not Available,Not Applicable,None,None,4.4,663,In Stock,https://www.samsung.com/ca/refrigerators/french-door/26-5-cu-ft-real-sts-rf27t5501sr-ac/
"36"" 4-Door French Door Refrigerator with Flex Zone™ and Fam...",silver,28 cu.ft.,RF28R7551SR/AC,Not Available,Not Available,Not Applicable,None,None,4.5,320,Out of Stock / Unavailable,https://www.samsung.com/ca/refrigerators/french-door/27-7-cu-ft-real-sts-rf28r7551sr-ac/
"36"" 4-Door French Door Refrigerator with Flex Zone™ and Fam...",silver,27.7 cu.ft.,RF28R7551SR/AC,Not Available,Not Available,Not Applicable,None,None,4.5,320,In Stock,https://www.samsung.com/ca/refrigerators/french-door/27-7-cu-ft-real-sts-rf28r7551sr-ac/
"36"" 4-Door French Door Refrigerator with Flex Zone™ and Fam...",black,28 cu.ft.,RF28R7551SG/AC,Not Available,Not Available,Not Applicable,None,None,4.5,320,In Stock,https://www.samsung.com/ca/refrigerators/french-door/28-cu-ft-black-stainless-rf28r7551sg-ac/
"36"" 4-Door French Door Refrigerator with Flex Zone™ and Fam...",black,27.7 cu.ft.,RF28R7551SG/AC,Not Available,Not Available,Not Applicable,None,None,4.5,320,Out of Stock / Unavailable,https://www.samsung.com/ca/refrigerators/french-door/28-cu-ft-black-stainless-rf28r7551sg-ac/
"36"" French Door Refrigerator with SpaceMax Technology™",Default,Default,SAMS-2402872,Not Available,Not Available,Not Applicable,None,None,3.8,344,In Stock,https://www.samsung.com/ca/refrigerators/french-door/rf6000t-spacemax-27-cu-ft-silver-rf27t5201sr-aa/
"36"" French Door Refrigerator with SpaceMax™ and Twin Coolin...",silver,28 cu.ft.,RF28R6201SR/AA,Not Available,Not Available,Not Applicable,None,None,3.8,190,In Stock,https://www.samsung.com/ca/refrigerators/french-door/28-cu-ft-real-sts-rf28r6201sr-aa/
"36"" French Door Refrigerator with SpaceMax™ and Twin Coolin...",black,28 cu.ft.,RF28R6201SG/AA,Not Available,Not Available,Not Applicable,None,None,3.8,190,In Stock,https://www.samsung.com/ca/refrigerators/french-door/28-cu-ft-black-stainless-rf28r6201sg-aa/
"36"" Counter-Depth French Door Refrigerator with Twin Coolin...",silver,22.6 cu.ft.,RF23R6201SR/AA,Not Available,Not Available,Not Applicable,None,None,3.8,299,In Stock,https://www.samsung.com/ca/refrigerators/french-door/22-6-cu-ft-real-sts-rf23r6201sr-aa/
"36"" Counter-Depth French Door Refrigerator with Twin Coolin...",black,22.6 cu.ft.,RF23R6201SG/AA,Not Available,Not Available,Not Applicable,None,None,3.8,299,In Stock,https://www.samsung.com/ca/refrigerators/french-door/22-6-cu-ft-black-stainless-rf23r6201sg-aa/
"36"" 4-Door Counter-Depth French Door Refrigerator with Flex...",silver,22.6 cu.ft.,RF24R7201SR/AA,Not Available,Not Available,Not Applicable,None,None,4,831,In Stock,https://www.samsung.com/ca/refrigerators/french-door/22-6-cu-ft-real-sts-rf24r7201sr-aa/
"36"" 4-Door Counter-Depth French Door Refrigerator with Flex...",black,22.6 cu.ft.,RF24R7201SG/AA,Not Available,Not Available,Not Applicable,None,None,4,831,In Stock,https://www.samsung.com/ca/refrigerators/french-door/22-6-cu-ft-black-stainless-rf24r7201sg-aa/
